{"meta":{"version":1,"warehouse":"4.0.2"},"models":{"Asset":[{"_id":"node_modules/hexo-theme-next/source/css/main.styl","path":"css/main.styl","modified":0,"renderable":1},{"_id":"node_modules/hexo-theme-next/source/css/noscript.styl","path":"css/noscript.styl","modified":0,"renderable":1},{"_id":"node_modules/hexo-theme-next/source/images/apple-touch-icon-next.png","path":"images/apple-touch-icon-next.png","modified":0,"renderable":1},{"_id":"node_modules/hexo-theme-next/source/images/avatar.gif","path":"images/avatar.gif","modified":0,"renderable":1},{"_id":"node_modules/hexo-theme-next/source/images/favicon-16x16-next.png","path":"images/favicon-16x16-next.png","modified":0,"renderable":1},{"_id":"node_modules/hexo-theme-next/source/images/favicon-32x32-next.png","path":"images/favicon-32x32-next.png","modified":0,"renderable":1},{"_id":"node_modules/hexo-theme-next/source/images/logo-algolia-nebula-blue-full.svg","path":"images/logo-algolia-nebula-blue-full.svg","modified":0,"renderable":1},{"_id":"node_modules/hexo-theme-next/source/images/logo.svg","path":"images/logo.svg","modified":0,"renderable":1},{"_id":"node_modules/hexo-theme-next/source/js/bookmark.js","path":"js/bookmark.js","modified":0,"renderable":1},{"_id":"node_modules/hexo-theme-next/source/js/comments-buttons.js","path":"js/comments-buttons.js","modified":0,"renderable":1},{"_id":"node_modules/hexo-theme-next/source/js/comments.js","path":"js/comments.js","modified":0,"renderable":1},{"_id":"node_modules/hexo-theme-next/source/js/config.js","path":"js/config.js","modified":0,"renderable":1},{"_id":"node_modules/hexo-theme-next/source/js/motion.js","path":"js/motion.js","modified":0,"renderable":1},{"_id":"node_modules/hexo-theme-next/source/js/next-boot.js","path":"js/next-boot.js","modified":0,"renderable":1},{"_id":"node_modules/hexo-theme-next/source/js/pjax.js","path":"js/pjax.js","modified":0,"renderable":1},{"_id":"node_modules/hexo-theme-next/source/js/sidebar.js","path":"js/sidebar.js","modified":0,"renderable":1},{"_id":"node_modules/hexo-theme-next/source/js/schedule.js","path":"js/schedule.js","modified":0,"renderable":1},{"_id":"node_modules/hexo-theme-next/source/js/utils.js","path":"js/utils.js","modified":0,"renderable":1},{"_id":"node_modules/hexo-theme-next/source/js/third-party/addtoany.js","path":"js/third-party/addtoany.js","modified":0,"renderable":1},{"_id":"node_modules/hexo-theme-next/source/js/third-party/fancybox.js","path":"js/third-party/fancybox.js","modified":0,"renderable":1},{"_id":"node_modules/hexo-theme-next/source/js/third-party/pace.js","path":"js/third-party/pace.js","modified":0,"renderable":1},{"_id":"node_modules/hexo-theme-next/source/js/third-party/quicklink.js","path":"js/third-party/quicklink.js","modified":0,"renderable":1},{"_id":"node_modules/hexo-theme-next/source/js/third-party/chat/chatra.js","path":"js/third-party/chat/chatra.js","modified":0,"renderable":1},{"_id":"node_modules/hexo-theme-next/source/js/third-party/chat/tidio.js","path":"js/third-party/chat/tidio.js","modified":0,"renderable":1},{"_id":"node_modules/hexo-theme-next/source/js/third-party/analytics/baidu-analytics.js","path":"js/third-party/analytics/baidu-analytics.js","modified":0,"renderable":1},{"_id":"node_modules/hexo-theme-next/source/js/third-party/analytics/google-analytics.js","path":"js/third-party/analytics/google-analytics.js","modified":0,"renderable":1},{"_id":"node_modules/hexo-theme-next/source/js/third-party/analytics/growingio.js","path":"js/third-party/analytics/growingio.js","modified":0,"renderable":1},{"_id":"node_modules/hexo-theme-next/source/js/third-party/analytics/matomo.js","path":"js/third-party/analytics/matomo.js","modified":0,"renderable":1},{"_id":"node_modules/hexo-theme-next/source/js/third-party/comments/changyan.js","path":"js/third-party/comments/changyan.js","modified":0,"renderable":1},{"_id":"node_modules/hexo-theme-next/source/js/third-party/comments/disqus.js","path":"js/third-party/comments/disqus.js","modified":0,"renderable":1},{"_id":"node_modules/hexo-theme-next/source/js/third-party/comments/disqusjs.js","path":"js/third-party/comments/disqusjs.js","modified":0,"renderable":1},{"_id":"node_modules/hexo-theme-next/source/js/third-party/comments/gitalk.js","path":"js/third-party/comments/gitalk.js","modified":0,"renderable":1},{"_id":"node_modules/hexo-theme-next/source/js/third-party/comments/isso.js","path":"js/third-party/comments/isso.js","modified":0,"renderable":1},{"_id":"node_modules/hexo-theme-next/source/js/third-party/comments/livere.js","path":"js/third-party/comments/livere.js","modified":0,"renderable":1},{"_id":"node_modules/hexo-theme-next/source/js/third-party/comments/utterances.js","path":"js/third-party/comments/utterances.js","modified":0,"renderable":1},{"_id":"node_modules/hexo-theme-next/source/js/third-party/math/katex.js","path":"js/third-party/math/katex.js","modified":0,"renderable":1},{"_id":"node_modules/hexo-theme-next/source/js/third-party/math/mathjax.js","path":"js/third-party/math/mathjax.js","modified":0,"renderable":1},{"_id":"node_modules/hexo-theme-next/source/js/third-party/statistics/firestore.js","path":"js/third-party/statistics/firestore.js","modified":0,"renderable":1},{"_id":"node_modules/hexo-theme-next/source/js/third-party/statistics/lean-analytics.js","path":"js/third-party/statistics/lean-analytics.js","modified":0,"renderable":1},{"_id":"node_modules/hexo-theme-next/source/js/third-party/search/algolia-search.js","path":"js/third-party/search/algolia-search.js","modified":0,"renderable":1},{"_id":"node_modules/hexo-theme-next/source/js/third-party/search/local-search.js","path":"js/third-party/search/local-search.js","modified":0,"renderable":1},{"_id":"node_modules/hexo-theme-next/source/js/third-party/tags/mermaid.js","path":"js/third-party/tags/mermaid.js","modified":0,"renderable":1},{"_id":"node_modules/hexo-theme-next/source/js/third-party/tags/wavedrom.js","path":"js/third-party/tags/wavedrom.js","modified":0,"renderable":1},{"_id":"node_modules/hexo-theme-next/source/js/third-party/tags/pdf.js","path":"js/third-party/tags/pdf.js","modified":0,"renderable":1}],"Cache":[{"_id":"source/.DS_Store","hash":"36a9b036af3707e0784a59dd2459bdce21c828c6","modified":1748960732115},{"_id":"source/_posts/hello-world.md","hash":"7d98d6592de80fdcd2949bd7401cec12afd98cdf","modified":1748960657440},{"_id":"node_modules/hexo-theme-next/README.md","hash":"5dd295594b92dbe07b0376b505f29fb3884e77f9","modified":1748961815507},{"_id":"node_modules/hexo-theme-next/_vendors.yml","hash":"72a3de9af55fbb7831ab7a3aa6c5e3f89cad53d3","modified":1748961815518},{"_id":"node_modules/hexo-theme-next/package.json","hash":"eaf826c46804a8da9ec6ddf325c4670a3e3ecfa7","modified":1748961815506},{"_id":"node_modules/hexo-theme-next/docs/AUTHORS.md","hash":"a648823121563c34a177ae91f5a774b5e29f01a0","modified":1748961815506},{"_id":"node_modules/hexo-theme-next/languages/README.md","hash":"b2567e32805dda79601157351a07e5ca9fe01315","modified":1748961815507},{"_id":"node_modules/hexo-theme-next/LICENSE.md","hash":"68fc9a03d50fd4b5ea97092b05967d1819dea2c4","modified":1748961815507},{"_id":"node_modules/hexo-theme-next/_config.yml","hash":"dbbd054721541f4d1f4fed4bc983bc19ff1f259a","modified":1748961815518},{"_id":"node_modules/hexo-theme-next/docs/LICENSE.txt","hash":"f5b14f791b7cfa1d16da981d929152e088a5d1b8","modified":1748961815518},{"_id":"node_modules/hexo-theme-next/languages/ar.yml","hash":"7d0f39e8684284a04bb9808521c87fecda8bd131","modified":1748961815518},{"_id":"node_modules/hexo-theme-next/docs/AGPL3.md","hash":"0d2b8c5fa8a614723be0767cc3bca39c49578036","modified":1748961815506},{"_id":"node_modules/hexo-theme-next/languages/eo.yml","hash":"e34bb33ae827bf2f0727088599a73bc64bdad1b0","modified":1748961815518},{"_id":"node_modules/hexo-theme-next/languages/de.yml","hash":"79b37df731c29665dee6cd7c90d278e1edfb6e24","modified":1748961815518},{"_id":"node_modules/hexo-theme-next/languages/bn.yml","hash":"564bed75da6e05b11dce6164508f97a15e2fb6c2","modified":1748961815518},{"_id":"node_modules/hexo-theme-next/languages/en.yml","hash":"ba0fd79a2b1d8db01a034180556061745965ff05","modified":1748961815518},{"_id":"node_modules/hexo-theme-next/languages/es.yml","hash":"dffc63ef42e1266b88e0acf08994fd17a9908d53","modified":1748961815518},{"_id":"node_modules/hexo-theme-next/languages/id.yml","hash":"929df147f4f17d638b07de5fe52ca13e2549ab1c","modified":1748961815519},{"_id":"node_modules/hexo-theme-next/languages/fa.yml","hash":"f3ffc444599f4ac92d62e9ed00a1490ebc277d70","modified":1748961815519},{"_id":"node_modules/hexo-theme-next/languages/it.yml","hash":"16d716ecfd748def2f6486ef5a82d0ab7ceb4890","modified":1748961815519},{"_id":"node_modules/hexo-theme-next/languages/fr.yml","hash":"8ac44e58f71a38b7697a2f7f98a6971ed818cb5b","modified":1748961815519},{"_id":"node_modules/hexo-theme-next/languages/ja.yml","hash":"543222bfc516aab6c33e8534f807972ecb8943a9","modified":1748961815519},{"_id":"node_modules/hexo-theme-next/languages/pt-BR.yml","hash":"76b8576ce228d540a16b1f0af5af2cce20923194","modified":1748961815519},{"_id":"node_modules/hexo-theme-next/languages/ko.yml","hash":"d345a303310c8a5f4836c3683f3580f861ebd1b4","modified":1748961815519},{"_id":"node_modules/hexo-theme-next/languages/nl.yml","hash":"3cb3687696635ec71b4ca40c5fc43b56acc8843e","modified":1748961815519},{"_id":"node_modules/hexo-theme-next/languages/ru.yml","hash":"c6d8de0ff7d8148d09993257cfd3b7aca755696c","modified":1748961815519},{"_id":"node_modules/hexo-theme-next/languages/pt.yml","hash":"b62faaa767a45a613dd042b5f1903675eb5a8cf9","modified":1748961815519},{"_id":"node_modules/hexo-theme-next/languages/tk.yml","hash":"511726054873f6f8d7ce0d2e803f6731de0ddbe7","modified":1748961815519},{"_id":"node_modules/hexo-theme-next/languages/tr.yml","hash":"a57e4ed089b893a95f5e1ecff17ce625165f4d46","modified":1748961815519},{"_id":"node_modules/hexo-theme-next/languages/si.yml","hash":"2d712eedf3f60d04d36c3108cf5a12e2a52e875c","modified":1748961815519},{"_id":"node_modules/hexo-theme-next/languages/th.yml","hash":"6829e998b39f8f143e20b276bb1f62d95a29de58","modified":1748961815519},{"_id":"node_modules/hexo-theme-next/languages/uk.yml","hash":"ff537047b4b4c3ca9a7b64fa7f428a9942751eeb","modified":1748961815519},{"_id":"node_modules/hexo-theme-next/languages/vi.yml","hash":"7ebcba5e1128784195e4681dffc9d34c4e873fec","modified":1748961815519},{"_id":"node_modules/hexo-theme-next/languages/zh-CN.yml","hash":"741d7efe0262c9cdc2c648014b55599665d90f6b","modified":1748961815519},{"_id":"node_modules/hexo-theme-next/languages/zh-HK.yml","hash":"8eb6a9f231ce1bfa54cc54418ccf14f01dcc9a31","modified":1748961815519},{"_id":"node_modules/hexo-theme-next/languages/zh-TW.yml","hash":"5c0f00cdac3f4727b880dd223f622a535736fa8e","modified":1748961815519},{"_id":"node_modules/hexo-theme-next/layout/_layout.njk","hash":"b17d44bd7379c23241053a0b7fbd38c9c43cc239","modified":1748961815507},{"_id":"node_modules/hexo-theme-next/layout/category.njk","hash":"c68b7343d0f8145010f93351908cc36ef6212ec1","modified":1748961815508},{"_id":"node_modules/hexo-theme-next/layout/archive.njk","hash":"d759f4d2cf5ddc6875ea250113a00662c1caf6d1","modified":1748961815507},{"_id":"node_modules/hexo-theme-next/layout/index.njk","hash":"dd63e488ae8cc144335a5958acedf6a16edd7a92","modified":1748961815509},{"_id":"node_modules/hexo-theme-next/layout/page.njk","hash":"af6d7570621be760536c216a56d74e40a1cceae2","modified":1748961815510},{"_id":"node_modules/hexo-theme-next/layout/post.njk","hash":"0bfce9f133f501a9a4837257e3b862b3bbca15be","modified":1748961815511},{"_id":"node_modules/hexo-theme-next/layout/tag.njk","hash":"9e16ba20c28a7f2c6bc75aa427f48122301a30aa","modified":1748961815511},{"_id":"node_modules/hexo-theme-next/docs/zh-CN/CODE_OF_CONDUCT.md","hash":"12a6631617695504d5cf2a94b57d87bd331bef6f","modified":1748961815506},{"_id":"node_modules/hexo-theme-next/docs/ru/README.md","hash":"285d5c4dffb97da659851fb6e53379a614619fd9","modified":1748961815507},{"_id":"node_modules/hexo-theme-next/docs/zh-CN/CONTRIBUTING.md","hash":"a089f7a8368ab0b7d7b9b7ec0ac3767a453435df","modified":1748961815506},{"_id":"node_modules/hexo-theme-next/docs/zh-CN/README.md","hash":"21567f1810f861b0a33db6514a4fcf18fb98467d","modified":1748961815507},{"_id":"node_modules/hexo-theme-next/layout/_macro/post-collapse.njk","hash":"313637fe3569f98fd926e8cd0fcc75d098eb6e6e","modified":1748961815511},{"_id":"node_modules/hexo-theme-next/layout/_macro/sidebar.njk","hash":"547c62ab14d9e05d2d9116db9048a677fbe1fb6d","modified":1748961815511},{"_id":"node_modules/hexo-theme-next/layout/_partials/comments.njk","hash":"d0c470b0f6690aa217e9ada848c5e2e73fb27c6f","modified":1748961815508},{"_id":"node_modules/hexo-theme-next/layout/_macro/post.njk","hash":"952449064fcb6a5cefc281b585f9149809f857f1","modified":1748961815511},{"_id":"node_modules/hexo-theme-next/layout/_partials/footer.njk","hash":"fbf8232cacf0df87e88e74860be66c9f86018302","modified":1748961815509},{"_id":"node_modules/hexo-theme-next/layout/_partials/languages.njk","hash":"e43f22198cccb5f6e306b1ce0d28d12a4fb891f8","modified":1748961815510},{"_id":"node_modules/hexo-theme-next/layout/_partials/widgets.njk","hash":"d83fb59f02c5e6630a7770401a05c02f6f07358b","modified":1748961815512},{"_id":"node_modules/hexo-theme-next/layout/_partials/pagination.njk","hash":"bc719473ed5948ab6859449d60b8d36cfc1542b4","modified":1748961815510},{"_id":"node_modules/hexo-theme-next/layout/_scripts/index.njk","hash":"2a7dfffebad19b67dc9e3b2a6b2986d0630ef930","modified":1748961815509},{"_id":"node_modules/hexo-theme-next/layout/_third-party/addtoany.njk","hash":"ef64c6bfb8540cd874701236b9be47db2496e98e","modified":1748961815507},{"_id":"node_modules/hexo-theme-next/layout/_scripts/vendors.njk","hash":"7261e24287984853c8ef08cda8bbc80cacf9bd6f","modified":1748961815512},{"_id":"node_modules/hexo-theme-next/layout/_third-party/fancybox.njk","hash":"844559f46e2ff1c8be234d5763703106e2072a7b","modified":1748961815508},{"_id":"node_modules/hexo-theme-next/scripts/events/index.js","hash":"bd9ea82376cd87df611ea3ae077875c7c595a3df","modified":1748961815504},{"_id":"node_modules/hexo-theme-next/layout/_third-party/index.njk","hash":"dfd7cdd6ba89f8c3deabc27726c7a350cadafd11","modified":1748961815509},{"_id":"node_modules/hexo-theme-next/layout/_third-party/quicklink.njk","hash":"0efed71ed530447718c4ea5bbd5fc8695b0b0d5f","modified":1748961815511},{"_id":"node_modules/hexo-theme-next/scripts/filters/minify.js","hash":"2063aaa1db448ebcf7b0fdbbc54d3991a368bbd3","modified":1748961815505},{"_id":"node_modules/hexo-theme-next/scripts/filters/default-injects.js","hash":"872f01cb10e422a648ea505436532e776e92926b","modified":1748961815502},{"_id":"node_modules/hexo-theme-next/scripts/filters/post.js","hash":"fdc8a0af90035e89c3fcb754a0eb189b8951a2bc","modified":1748961815505},{"_id":"node_modules/hexo-theme-next/layout/_third-party/pace.njk","hash":"d7ad5714079f7f65446f880baf14722435ca9061","modified":1748961815510},{"_id":"node_modules/hexo-theme-next/scripts/filters/locals.js","hash":"9eb5310664759931287dd28ea39165dfb67f12ed","modified":1748961815504},{"_id":"node_modules/hexo-theme-next/scripts/helpers/font.js","hash":"4c84d45daac86396edf656d2a8abe6e7583491ea","modified":1748961815503},{"_id":"node_modules/hexo-theme-next/scripts/helpers/navigation.js","hash":"78107021101553c3d23e89290f7530b60cf4aa86","modified":1748961815505},{"_id":"node_modules/hexo-theme-next/scripts/helpers/engine.js","hash":"83235f2879567eb8686431c9554a4b99f14ab665","modified":1748961815503},{"_id":"node_modules/hexo-theme-next/scripts/helpers/next-paginator.js","hash":"e86c764b546e4fbb87970cabc4135a56f9ef9fe1","modified":1748961815505},{"_id":"node_modules/hexo-theme-next/scripts/helpers/next-vendors.js","hash":"af3946a595f997eb43d9af87428e4898c9acbc82","modified":1748961815505},{"_id":"node_modules/hexo-theme-next/scripts/helpers/next-url.js","hash":"6281d47c1de98eb38f3aa0f6df29bbb19d412173","modified":1748961815505},{"_id":"node_modules/hexo-theme-next/scripts/helpers/next-config.js","hash":"439c37d7177ebc407206a432168536af41dea826","modified":1748961815505},{"_id":"node_modules/hexo-theme-next/scripts/tags/button.js","hash":"c6ad2ed544fbb25ecb5d820c36e76302504271b7","modified":1748961815501},{"_id":"node_modules/hexo-theme-next/scripts/tags/caniuse.js","hash":"935a311142a409c1896b3ae3f01fe7a9e2db1134","modified":1748961815501},{"_id":"node_modules/hexo-theme-next/scripts/tags/center-quote.js","hash":"92c19d796bdb3320df9caea59bf52df7a95d9da9","modified":1748961815501},{"_id":"node_modules/hexo-theme-next/scripts/tags/group-pictures.js","hash":"f57f7e09eb6220f681fa8385082b0960502ce5c4","modified":1748961815503},{"_id":"node_modules/hexo-theme-next/scripts/tags/label.js","hash":"8a73348186113bae0a51ea2f891c1bb882fab05a","modified":1748961815504},{"_id":"node_modules/hexo-theme-next/scripts/tags/link-grid.js","hash":"18a483c2d5afd701f6080ffdddf2d1321370336c","modified":1748961815504},{"_id":"node_modules/hexo-theme-next/scripts/tags/mermaid.js","hash":"7d7bbc4a9970bd4c5449bc71b94364a8ec61e5d2","modified":1748961815504},{"_id":"node_modules/hexo-theme-next/scripts/tags/pdf.js","hash":"344636b6fd7e27e8831c1e194039afc0d61931cd","modified":1748961815505},{"_id":"node_modules/hexo-theme-next/scripts/tags/note.js","hash":"7b94ddb46b7d4b0fe815f2fbe4bd375f07f55363","modified":1748961815505},{"_id":"node_modules/hexo-theme-next/scripts/tags/tabs.js","hash":"0eabe51da40b4b13e16419c8fe02452d9a4fef73","modified":1748961815506},{"_id":"node_modules/hexo-theme-next/scripts/tags/video.js","hash":"2ee926448583be8f95af1f2884ae2c9c4830151d","modified":1748961815506},{"_id":"node_modules/hexo-theme-next/scripts/tags/wavedrom.js","hash":"b44dfeeb58b41945d469141787f3dbce4b117d08","modified":1748961815506},{"_id":"node_modules/hexo-theme-next/scripts/tags/index.js","hash":"1f6aba7820f1fb58b61969485148db21846e1aa9","modified":1748961815504},{"_id":"node_modules/hexo-theme-next/source/css/_colors.styl","hash":"ebfe0954e3931431f46f913abe08d0212e06e7c2","modified":1748961815512},{"_id":"node_modules/hexo-theme-next/source/css/_mixins.styl","hash":"e21309d4165ebb6645084eed8dd749846ae981f1","modified":1748961815513},{"_id":"node_modules/hexo-theme-next/source/css/noscript.styl","hash":"dadc81256afb127b77eac6763d5ee0ec9c77f0a3","modified":1748961815516},{"_id":"node_modules/hexo-theme-next/source/images/apple-touch-icon-next.png","hash":"2959dbc97f31c80283e67104fe0854e2369e40aa","modified":1748961815512},{"_id":"node_modules/hexo-theme-next/source/css/main.styl","hash":"921a58577f411cf4eb5cfd66db0a241f8f88578c","modified":1748961815516},{"_id":"node_modules/hexo-theme-next/source/images/favicon-16x16-next.png","hash":"943a0d67a9cdf8c198109b28f9dbd42f761d11c3","modified":1748961815512},{"_id":"node_modules/hexo-theme-next/source/images/avatar.gif","hash":"2dbc3e2f2d624b2ca1afe6edc2ca17307f1950c8","modified":1748961815499},{"_id":"node_modules/hexo-theme-next/source/images/logo-algolia-nebula-blue-full.svg","hash":"a38c6d92b368bfc42c72ad799ad03f3274957065","modified":1748961815518},{"_id":"node_modules/hexo-theme-next/source/images/favicon-32x32-next.png","hash":"0749d7b24b0d2fae1c8eb7f671ad4646ee1894b1","modified":1748961815512},{"_id":"node_modules/hexo-theme-next/source/images/logo.svg","hash":"099e11ab995a2c8981427a85476d082609848c77","modified":1748961815518},{"_id":"node_modules/hexo-theme-next/source/js/bookmark.js","hash":"9ba4cceafd12c6d5ba8a6b986a046ef8319a7811","modified":1748961815500},{"_id":"node_modules/hexo-theme-next/source/js/comments.js","hash":"66ae2e26ea36a41b72c638ea8b220296638ae952","modified":1748961815502},{"_id":"node_modules/hexo-theme-next/source/js/comments-buttons.js","hash":"1a7344440321713426a0b2ab17e276b5bdf85ade","modified":1748961815502},{"_id":"node_modules/hexo-theme-next/source/js/config.js","hash":"4c4ebbe3b3f3841a26f9d5af6d0ba8bc6da01c54","modified":1748961815502},{"_id":"node_modules/hexo-theme-next/source/js/next-boot.js","hash":"523bbaeda463e82ab0be428cc0005717038ec63e","modified":1748961815505},{"_id":"node_modules/hexo-theme-next/source/js/pjax.js","hash":"694b271819aab37ce473b15db9e6aded971d82e5","modified":1748961815505},{"_id":"node_modules/hexo-theme-next/source/js/motion.js","hash":"6f751f5c9499a39d7c5e1d323db3260342dd9431","modified":1748961815505},{"_id":"node_modules/hexo-theme-next/layout/_partials/head/head-unique.njk","hash":"93c1d103d9d16581c944c51f3d0638f57c80ee41","modified":1748961815509},{"_id":"node_modules/hexo-theme-next/source/js/schedule.js","hash":"a1333258726caf84f368a8f8454639c7dc1626bb","modified":1748961815505},{"_id":"node_modules/hexo-theme-next/layout/_partials/head/head.njk","hash":"5388b157bba4a40b9312f4a45c6678974ccf0837","modified":1748961815509},{"_id":"node_modules/hexo-theme-next/source/js/utils.js","hash":"b870aae1271f3453b71e6d8cd6fc4a1448e52064","modified":1748961815506},{"_id":"node_modules/hexo-theme-next/layout/_partials/header/brand.njk","hash":"dd9c4c03e99dfde0dfb8edefcb2c933f2f560efc","modified":1748961815507},{"_id":"node_modules/hexo-theme-next/layout/_partials/header/sub-menu.njk","hash":"06480d8ec5f0b87eafd47f082f07968d7282dd5c","modified":1748961815511},{"_id":"node_modules/hexo-theme-next/source/js/sidebar.js","hash":"2ee359ae48273b01ba1e0768704524e08702c7eb","modified":1748961815506},{"_id":"node_modules/hexo-theme-next/layout/_partials/header/index.njk","hash":"650de421a8ce4cf685428ffbe0087ff84cbd1356","modified":1748961815509},{"_id":"node_modules/hexo-theme-next/layout/_partials/page/page-header.njk","hash":"7ed4f102a1825195cff8d7995bf9219f323a9034","modified":1748961815510},{"_id":"node_modules/hexo-theme-next/layout/_partials/page/breadcrumb.njk","hash":"89825e75cc45e9709fa6ba89883669eedaff6f46","modified":1748961815508},{"_id":"node_modules/hexo-theme-next/layout/_partials/page/categories.njk","hash":"17156d99941f28a225951ffdcfa9a115e20dc2d2","modified":1748961815508},{"_id":"node_modules/hexo-theme-next/layout/_partials/header/menu-item.njk","hash":"41a8b0cc16f60fa085cb719d07216d86b6bc4bf8","modified":1748961815510},{"_id":"node_modules/hexo-theme-next/layout/_partials/page/tags.njk","hash":"a18d1598e36cc72f2b0b24c3cc3c5990dfaa3254","modified":1748961815512},{"_id":"node_modules/hexo-theme-next/layout/_partials/header/menu.njk","hash":"ee6fc2f111572d3eeab0a2fecbb2d6b3e37ab26b","modified":1748961815510},{"_id":"node_modules/hexo-theme-next/layout/_partials/post/post-followme.njk","hash":"c1e33b4889f75acc490af3c8bde0ec56c518ff41","modified":1748961815511},{"_id":"node_modules/hexo-theme-next/layout/_partials/post/post-related.njk","hash":"e0986db00a0201dd3c60570f964829c84ba5bc68","modified":1748961815511},{"_id":"node_modules/hexo-theme-next/layout/_partials/post/post-copyright.njk","hash":"bfff923526d6800218f08dba6ce0bbf5c17755fd","modified":1748961815511},{"_id":"node_modules/hexo-theme-next/layout/_partials/search/index.njk","hash":"6ad43135bd3aecf933ffdd750763e27ade36f97c","modified":1748961815509},{"_id":"node_modules/hexo-theme-next/layout/_partials/post/post-reward.njk","hash":"e8b8a7c41e9ec612d0c0c73419529d55d1c16256","modified":1748961815511},{"_id":"node_modules/hexo-theme-next/layout/_partials/page/schedule.njk","hash":"0f4bc8e257da60f77c0c1738607b2bde55810684","modified":1748961815511},{"_id":"node_modules/hexo-theme-next/layout/_third-party/chat/tidio.njk","hash":"02aab857c27fc103216029be991688b12a73a525","modified":1748961815511},{"_id":"node_modules/hexo-theme-next/layout/_partials/post/post-share.njk","hash":"16696990e4ce65fc8db18c4635082a5d5d06ff07","modified":1748961815511},{"_id":"node_modules/hexo-theme-next/layout/_partials/post/post-meta.njk","hash":"9fa47e4fb342811da590ee4adc91cf81118c0a39","modified":1748961815511},{"_id":"node_modules/hexo-theme-next/layout/_partials/sidebar/site-overview.njk","hash":"bc5708e38b6070dff0cab6bf9480971017ce4dda","modified":1748961815511},{"_id":"node_modules/hexo-theme-next/layout/_third-party/analytics/cloudflare.njk","hash":"a5b8297c2c383124dd6a56e256ecc0c0dcf489be","modified":1748961815508},{"_id":"node_modules/hexo-theme-next/layout/_third-party/analytics/baidu-analytics.njk","hash":"6215309aee028dcb734452beec448c5afb6c63fc","modified":1748961815507},{"_id":"node_modules/hexo-theme-next/layout/_third-party/analytics/google-analytics.njk","hash":"d89066ff53879693f023e540d59c86137172c529","modified":1748961815509},{"_id":"node_modules/hexo-theme-next/layout/_third-party/analytics/growingio.njk","hash":"8afaa772c390bd9d53a5cff9645ac3168334eb98","modified":1748961815509},{"_id":"node_modules/hexo-theme-next/layout/_third-party/analytics/microsoft-clarity.njk","hash":"1efeeda00db08a3c033798228dd0092ee532cc36","modified":1748961815510},{"_id":"node_modules/hexo-theme-next/layout/_third-party/analytics/index.njk","hash":"f900306497b133e8b098bd9f4b96b93d1d96c185","modified":1748961815509},{"_id":"node_modules/hexo-theme-next/layout/_third-party/analytics/matomo.njk","hash":"4e89648a8ec8194c5823064cbca39c938a799006","modified":1748961815510},{"_id":"node_modules/hexo-theme-next/layout/_third-party/analytics/umami.njk","hash":"3343750682fbd8535e50f8129be3003ad26015b4","modified":1748961815512},{"_id":"node_modules/hexo-theme-next/layout/_third-party/analytics/plausible.njk","hash":"ef9f2bb7110507f1c4336800af9157d5fa9765bd","modified":1748961815511},{"_id":"node_modules/hexo-theme-next/layout/_third-party/comments/changyan.njk","hash":"d1c950f8fbdf85e7a3eae5463767a89e858e8220","modified":1748961815508},{"_id":"node_modules/hexo-theme-next/layout/_third-party/comments/disqus.njk","hash":"9375b19a89b7fa9474e558d085af5448d4c5c50c","modified":1748961815508},{"_id":"node_modules/hexo-theme-next/layout/_third-party/chat/chatra.njk","hash":"d7263fca16d0278ccf1f6aa1c6df6902a6344a09","modified":1748961815508},{"_id":"node_modules/hexo-theme-next/layout/_third-party/comments/disqusjs.njk","hash":"0749cb6902baecdfd01f779a2a2513f6d2f6a823","modified":1748961815509},{"_id":"node_modules/hexo-theme-next/layout/_third-party/comments/isso.njk","hash":"64cc3bdaf644fd32c0d0a247f29f5b6904da9af3","modified":1748961815509},{"_id":"node_modules/hexo-theme-next/layout/_third-party/comments/gitalk.njk","hash":"b63b7e2ede0d3e66e732fa1a06bda9b19e1e85d4","modified":1748961815509},{"_id":"node_modules/hexo-theme-next/layout/_third-party/comments/utterances.njk","hash":"5a94032bc3512a10ad4328fc19ec07b819a1d687","modified":1748961815512},{"_id":"node_modules/hexo-theme-next/layout/_third-party/math/mathjax.njk","hash":"3677017fd4572b158311f5f5d870590ab25184e0","modified":1748961815510},{"_id":"node_modules/hexo-theme-next/layout/_third-party/math/katex.njk","hash":"1ebf658690468ea197bdd0416eb7cfa4bd0b083a","modified":1748961815510},{"_id":"node_modules/hexo-theme-next/layout/_third-party/math/index.njk","hash":"abf37fc55aa86702118e8fdf5bf2d389dd589aa0","modified":1748961815509},{"_id":"node_modules/hexo-theme-next/layout/_third-party/search/algolia-search.njk","hash":"41b28f05e6233fb37700f7151f55868be10a0965","modified":1748961815507},{"_id":"node_modules/hexo-theme-next/layout/_third-party/statistics/firestore.njk","hash":"d32ebe94560fa95824478ebbff531bffc47b194d","modified":1748961815509},{"_id":"node_modules/hexo-theme-next/layout/_third-party/statistics/busuanzi-counter.njk","hash":"55c2468b2b7f035881d494085527d6554f37b556","modified":1748961815508},{"_id":"node_modules/hexo-theme-next/layout/_third-party/search/localsearch.njk","hash":"e45ea3542cdc9ed7ec8447b5e6f35df4c5e82758","modified":1748961815510},{"_id":"node_modules/hexo-theme-next/layout/_third-party/statistics/index.njk","hash":"568ddf7955d11d93fb5e842b403a7ac8b1b7fdb1","modified":1748961815509},{"_id":"node_modules/hexo-theme-next/scripts/events/lib/config.js","hash":"00af4f5f9a79eaccf051f9e372d233d65d44c8a5","modified":1748961815502},{"_id":"node_modules/hexo-theme-next/layout/_third-party/tags/mermaid.njk","hash":"099e031f52fb8e47b3af5b2684737efc9e643ee7","modified":1748961815510},{"_id":"node_modules/hexo-theme-next/layout/_third-party/statistics/lean-analytics.njk","hash":"2446e748cdc102c78492216319ac02148db7daf6","modified":1748961815510},{"_id":"node_modules/hexo-theme-next/layout/_third-party/tags/pdf.njk","hash":"2c81984cc4f5123103460442f6e046f5b6c97127","modified":1748961815511},{"_id":"node_modules/hexo-theme-next/scripts/events/lib/injects.js","hash":"d987709267a1bc6e5014411e9983d7c49c102c16","modified":1748961815504},{"_id":"node_modules/hexo-theme-next/scripts/events/lib/utils.js","hash":"5942feb3f31ed3480bf50b0f5a4a305b5bdca3d6","modified":1748961815506},{"_id":"node_modules/hexo-theme-next/layout/_third-party/tags/wavedrom.njk","hash":"02202bf563fb5eedde2ccad4d6c5b9109d30a703","modified":1748961815512},{"_id":"node_modules/hexo-theme-next/scripts/events/lib/vendors.js","hash":"e2b4a9d6b08155735ec336eedc506763d5671821","modified":1748961815506},{"_id":"node_modules/hexo-theme-next/scripts/events/lib/highlight.js","hash":"8a8f752260be5b8098393f9879b61ffe904465e8","modified":1748961815503},{"_id":"node_modules/hexo-theme-next/scripts/filters/comment/common.js","hash":"19a402a225c31edffc50f202a14e0d582d3db23e","modified":1748961815502},{"_id":"node_modules/hexo-theme-next/scripts/filters/comment/default-config.js","hash":"93ee5f9109dad885dc38c49bcee630c10f9dce6e","modified":1748961815502},{"_id":"node_modules/hexo-theme-next/scripts/filters/comment/changyan.js","hash":"5798cfc8f63665031dd3e01debed051628cec319","modified":1748961815501},{"_id":"node_modules/hexo-theme-next/scripts/filters/comment/disqusjs.js","hash":"a600a98e7436edeb31e291abca359885567df3c9","modified":1748961815503},{"_id":"node_modules/hexo-theme-next/scripts/filters/comment/isso.js","hash":"ff8b5b5145220a17d0ecd9508ba9bd2d3b2da47d","modified":1748961815504},{"_id":"node_modules/hexo-theme-next/layout/_third-party/comments/livere.njk","hash":"3b13b09fba84ec6000886890a6710736a2b8fafe","modified":1748961815510},{"_id":"node_modules/hexo-theme-next/scripts/filters/comment/gitalk.js","hash":"7bb7dafdd7f6bca8464b54e17e552ce7f1714195","modified":1748961815503},{"_id":"node_modules/hexo-theme-next/scripts/filters/comment/livere.js","hash":"5a07d8bb52bc1d51a624ca8db54be144566c306b","modified":1748961815504},{"_id":"node_modules/hexo-theme-next/scripts/filters/comment/utterances.js","hash":"d3bded697bc32dace689d2a6dfb6eb7514169d15","modified":1748961815506},{"_id":"node_modules/hexo-theme-next/scripts/filters/comment/disqus.js","hash":"7f71d6b271ba65ff333d5682e7575711d368c0d2","modified":1748961815503},{"_id":"node_modules/hexo-theme-next/scripts/events/lib/navigation.js","hash":"dd3562686d95a50375e6fd32e717ccb0d99c1e3d","modified":1748961815505},{"_id":"node_modules/hexo-theme-next/source/css/_variables/Gemini.styl","hash":"96e0a7c2a65ce68215e17e369085b2ea2f1334f2","modified":1748961815514},{"_id":"node_modules/hexo-theme-next/source/css/_variables/Muse.styl","hash":"879b49f693af0c04c285b2dd0c9cccaf77347b7c","modified":1748961815516},{"_id":"node_modules/hexo-theme-next/source/css/_variables/Mist.styl","hash":"2c800eaab6c613e5d091be2111aaa786641aa0c2","modified":1748961815516},{"_id":"node_modules/hexo-theme-next/source/js/third-party/addtoany.js","hash":"5276c8f78ee562a8965216dc67d762e59cb4a9f2","modified":1748961815500},{"_id":"node_modules/hexo-theme-next/source/css/_variables/Pisces.styl","hash":"20d5c6aa136bbb55e03906d98ee90ad3fbaa80a7","modified":1748961815516},{"_id":"node_modules/hexo-theme-next/source/js/third-party/fancybox.js","hash":"819f382c561fe5ec23c67cc5fabd63dd1cc22dc1","modified":1748961815503},{"_id":"node_modules/hexo-theme-next/source/js/third-party/pace.js","hash":"0ef04218b93561ba4d0ff420d556c3d90a756d32","modified":1748961815505},{"_id":"node_modules/hexo-theme-next/source/js/third-party/quicklink.js","hash":"eed02e6fced8e5a653077205d4d4d7834ca71472","modified":1748961815505},{"_id":"node_modules/hexo-theme-next/source/css/_common/components/back-to-top.styl","hash":"b8445c828d78a38e2de50bdc86b3bff66285ea0f","modified":1748961815513},{"_id":"node_modules/hexo-theme-next/source/css/_common/components/index.styl","hash":"2298e521253b3bf376a2412271bc2a7d305051f3","modified":1748961815514},{"_id":"node_modules/hexo-theme-next/source/css/_common/components/reading-progress.styl","hash":"90a86045a33c1bae49fc2f6fa1e1b53170c7f77b","modified":1748961815517},{"_id":"node_modules/hexo-theme-next/source/css/_common/outline/index.styl","hash":"8e34df131830d4fa3725e4590a672ba1cf1903e5","modified":1748961815515},{"_id":"node_modules/hexo-theme-next/source/css/_variables/base.styl","hash":"6ec500fa4005993f2e080e260194f4d5323f589f","modified":1748961815513},{"_id":"node_modules/hexo-theme-next/source/css/_common/scaffolding/base.styl","hash":"f316ba87f8d3299677fbf8345e1e993c35210e2e","modified":1748961815513},{"_id":"node_modules/hexo-theme-next/source/css/_common/scaffolding/buttons.styl","hash":"a042571d85ff7265f799004239a45f36b716b8a6","modified":1748961815514},{"_id":"node_modules/hexo-theme-next/source/css/_common/scaffolding/index.styl","hash":"523fb7b653b87ae37fc91fc8813e4ffad87b0d7e","modified":1748961815515},{"_id":"node_modules/hexo-theme-next/source/css/_common/scaffolding/comments.styl","hash":"e4fecc889ba3317a64e9abba5842c79dff9b7827","modified":1748961815514},{"_id":"node_modules/hexo-theme-next/source/css/_common/scaffolding/tables.styl","hash":"e840b23d33023e6d45e018f6e84b683dd56efd8d","modified":1748961815517},{"_id":"node_modules/hexo-theme-next/source/css/_common/scaffolding/pagination.styl","hash":"f4228c759db4a650c8d38745c2edd1dc83c45687","modified":1748961815516},{"_id":"node_modules/hexo-theme-next/source/css/_common/scaffolding/normalize.styl","hash":"b56367ea676ea8e8783ea89cd4ab150c7da7a060","modified":1748961815516},{"_id":"node_modules/hexo-theme-next/source/css/_common/scaffolding/toggles.styl","hash":"69c66aab4651e2e7ae9e65f08600144970648c60","modified":1748961815517},{"_id":"node_modules/hexo-theme-next/source/css/_common/outline/mobile.styl","hash":"48b2dfc04df6409c6e0736ccc11462ad97d349b1","modified":1748961815516},{"_id":"node_modules/hexo-theme-next/source/css/_schemes/Gemini/index.styl","hash":"bcbf498d8d3ecea84324f0a59b7f95f389a52b8d","modified":1748961815515},{"_id":"node_modules/hexo-theme-next/source/css/_schemes/Mist/_layout.styl","hash":"fa4fd8f76464e214fb7318f325b13c2b62f4b478","modified":1748961815513},{"_id":"node_modules/hexo-theme-next/source/css/_schemes/Mist/_posts-expand.styl","hash":"485d23ccb42c0d0c8ead7ea8930dd3e06d79a285","modified":1748961815513},{"_id":"node_modules/hexo-theme-next/source/css/_schemes/Mist/index.styl","hash":"ab16a3dcdc0393b9b582ef59dcc13db9320e917c","modified":1748961815515},{"_id":"node_modules/hexo-theme-next/source/css/_schemes/Muse/_layout.styl","hash":"6569a6640f79d247a8235b3914772c0e2f99ead2","modified":1748961815513},{"_id":"node_modules/hexo-theme-next/source/css/_schemes/Mist/_header.styl","hash":"dafc6d23c80d6fe3e55a7711e94210d2479b629a","modified":1748961815512},{"_id":"node_modules/hexo-theme-next/source/css/_schemes/Muse/_header.styl","hash":"3fbfab591f280e2e7f3b0265901c93bc4bd137ed","modified":1748961815512},{"_id":"node_modules/hexo-theme-next/source/css/_schemes/Muse/_menu.styl","hash":"e31f6adbb22a451f07e4661cff9a2f12e4e99a36","modified":1748961815513},{"_id":"node_modules/hexo-theme-next/source/css/_schemes/Muse/_sidebar.styl","hash":"c29a827e82d2820ed8977c92994da73721200fac","modified":1748961815513},{"_id":"node_modules/hexo-theme-next/source/css/_schemes/Muse/_sub-menu.styl","hash":"c48ccd8d6651fe1a01faff8f01179456d39ba9b1","modified":1748961815513},{"_id":"node_modules/hexo-theme-next/source/css/_schemes/Pisces/_header.styl","hash":"dc03835e42d82eaf2633cf3b627990ad3e1f5967","modified":1748961815512},{"_id":"node_modules/hexo-theme-next/source/css/_schemes/Pisces/_menu.styl","hash":"a03f16ffc7dfdbdc6053f9fd68d77257ba0c559e","modified":1748961815513},{"_id":"node_modules/hexo-theme-next/source/css/_schemes/Mist/_menu.styl","hash":"f23c53e32d140091b819be2603d1afbbb5d66933","modified":1748961815513},{"_id":"node_modules/hexo-theme-next/source/css/_schemes/Muse/index.styl","hash":"6ad168288b213cec357e9b5a97674ff2ef3a910c","modified":1748961815515},{"_id":"node_modules/hexo-theme-next/source/css/_schemes/Pisces/_sidebar.styl","hash":"e792a6233e1d4dbc5fd2f10ae97b7a790b82568b","modified":1748961815513},{"_id":"node_modules/hexo-theme-next/source/css/_schemes/Pisces/_layout.styl","hash":"a92c4eb16bdb7806079467eb022ccf193bb0f794","modified":1748961815513},{"_id":"node_modules/hexo-theme-next/source/css/_schemes/Pisces/_sub-menu.styl","hash":"778ed2ad5643b93970c95626b325defeb586733f","modified":1748961815513},{"_id":"node_modules/hexo-theme-next/source/js/third-party/chat/chatra.js","hash":"c32180522788c10e51df1803aa6842ef0432ddc9","modified":1748961815502},{"_id":"node_modules/hexo-theme-next/source/js/third-party/analytics/google-analytics.js","hash":"def07bcc7c17d8a0caad177fb1dd2f3a5e5b3536","modified":1748961815503},{"_id":"node_modules/hexo-theme-next/source/css/_schemes/Pisces/index.styl","hash":"8000075b227749a7495eaf417cac6ccfbe441580","modified":1748961815516},{"_id":"node_modules/hexo-theme-next/source/js/third-party/analytics/baidu-analytics.js","hash":"f629acc46ff40c071ffd31b77d5c7616f0fdd778","modified":1748961815500},{"_id":"node_modules/hexo-theme-next/source/js/third-party/analytics/growingio.js","hash":"78dd3cf04082b7dbe6246e404b2aa8e726922402","modified":1748961815503},{"_id":"node_modules/hexo-theme-next/source/js/third-party/chat/tidio.js","hash":"b0079f6a4601e06ca6fe46e83a2f5af553e9bc3c","modified":1748961815506},{"_id":"node_modules/hexo-theme-next/source/js/third-party/comments/disqus.js","hash":"da361917d65e5dca8362f8cdeb6c8cc0e8316cec","modified":1748961815503},{"_id":"node_modules/hexo-theme-next/source/js/third-party/comments/changyan.js","hash":"260d1a77d6a3bb33a579d3e4cca1997003e799b5","modified":1748961815501},{"_id":"node_modules/hexo-theme-next/source/js/third-party/comments/isso.js","hash":"753a873b6f566aff5ba77ca23f91b78eb880ca64","modified":1748961815504},{"_id":"node_modules/hexo-theme-next/source/js/third-party/comments/disqusjs.js","hash":"1e826dea3f684c0515f362dc1352447a1f0eae71","modified":1748961815503},{"_id":"node_modules/hexo-theme-next/source/js/third-party/comments/gitalk.js","hash":"0ec038cf83e8ec067534f16a54041e47a3c1e59a","modified":1748961815503},{"_id":"node_modules/hexo-theme-next/source/js/third-party/comments/livere.js","hash":"2247d88c934c765c43013337860774aaa99f0b31","modified":1748961815504},{"_id":"node_modules/hexo-theme-next/source/js/third-party/math/mathjax.js","hash":"5c749b9c1c3bb738122d0516211ecff6496d4907","modified":1748961815504},{"_id":"node_modules/hexo-theme-next/source/js/third-party/statistics/firestore.js","hash":"6e0682bb42170d61b13b786295f45f9c785f8b73","modified":1748961815503},{"_id":"node_modules/hexo-theme-next/source/js/third-party/math/katex.js","hash":"83c54ee536e487a1031783443fe0cb63b1b4767e","modified":1748961815504},{"_id":"node_modules/hexo-theme-next/source/js/third-party/statistics/lean-analytics.js","hash":"835cbf54c49ef1327f47df70ff2636ad36b6f57d","modified":1748961815504},{"_id":"node_modules/hexo-theme-next/source/js/third-party/analytics/matomo.js","hash":"c6a25b26a1443caa70b47fd3dfa282271574deb5","modified":1748961815504},{"_id":"node_modules/hexo-theme-next/source/js/third-party/comments/utterances.js","hash":"f67f90eb03e284c82da2b8cf2f1e31801813c16d","modified":1748961815506},{"_id":"node_modules/hexo-theme-next/source/js/third-party/search/algolia-search.js","hash":"93d3c39aded8d0140e63e70b896bd3d34c187c68","modified":1748961815500},{"_id":"node_modules/hexo-theme-next/source/js/third-party/search/local-search.js","hash":"4262628e173b16c4c6c18f817173dd103fb9e9a8","modified":1748961815504},{"_id":"node_modules/hexo-theme-next/source/js/third-party/tags/pdf.js","hash":"af78c22f0e61c8c8aa8794e585e0d632c6d4fcb8","modified":1748961815505},{"_id":"node_modules/hexo-theme-next/source/css/_common/components/pages/breadcrumb.styl","hash":"8afdc311c6b8db121758371f95cf1c5e77354f42","modified":1748961815514},{"_id":"node_modules/hexo-theme-next/source/js/third-party/tags/wavedrom.js","hash":"40dcd10df6edf124088c329346e0cc0bdac74ef1","modified":1748961815506},{"_id":"node_modules/hexo-theme-next/source/css/_common/components/pages/categories.styl","hash":"51a97a33879289904cb523ddc2d88b5b0c60fa72","modified":1748961815514},{"_id":"node_modules/hexo-theme-next/source/css/_common/components/pages/index.styl","hash":"7504dbc5c70262b048143b2c37d2b5aa2809afa2","modified":1748961815514},{"_id":"node_modules/hexo-theme-next/source/js/third-party/tags/mermaid.js","hash":"1d1b6d847215b16f26b230859d7e16501190ecc0","modified":1748961815505},{"_id":"node_modules/hexo-theme-next/source/css/_common/components/pages/schedule.styl","hash":"6b816c2511242ee503fb5f34cd3e4dcdafc06b85","modified":1748961815517},{"_id":"node_modules/hexo-theme-next/source/css/_common/components/pages/tag-cloud.styl","hash":"1a81d1a71fcf0699629ce6e72dfd0a15f3a2dd0a","modified":1748961815517},{"_id":"node_modules/hexo-theme-next/source/css/_common/components/post/post-body.styl","hash":"93f014809d6442da23f8b7d729f7375e2badba7d","modified":1748961815516},{"_id":"node_modules/hexo-theme-next/source/css/_common/components/post/post-collapse.styl","hash":"809bab3414b1eb1ae44444eb821126868f764414","modified":1748961815516},{"_id":"node_modules/hexo-theme-next/source/css/_common/components/post/post-followme.styl","hash":"026cd5735fd2a75bb60b7bf8bd09139583d602b9","modified":1748961815516},{"_id":"node_modules/hexo-theme-next/source/css/_common/components/post/post-gallery.styl","hash":"aa366d37389760c8595529b850f461569577a1c5","modified":1748961815516},{"_id":"node_modules/hexo-theme-next/source/css/_common/components/post/post-header.styl","hash":"424de4f64b12c521e8c6bfbc711d7961490ab36e","modified":1748961815516},{"_id":"node_modules/hexo-theme-next/source/css/_common/components/post/post-footer.styl","hash":"11497388f124bfbb4001495a67d3629a9f618405","modified":1748961815516},{"_id":"node_modules/hexo-theme-next/source/css/_common/components/post/post-reward.styl","hash":"b47fb36915962309553ff7fb1782341585ed2b76","modified":1748961815517},{"_id":"node_modules/hexo-theme-next/source/css/_common/components/post/post-widgets.styl","hash":"ebfba158a0a4af3d1dabcacbc58986664de52140","modified":1748961815517},{"_id":"node_modules/hexo-theme-next/source/css/_common/components/post/post-nav.styl","hash":"9ac6f477177264c26a46e8333b8456720a0444dc","modified":1748961815517},{"_id":"node_modules/hexo-theme-next/source/css/_common/components/third-party/gitalk.styl","hash":"8f094c4ac17e2ab45569b12d157747f9c7333c12","modified":1748961815514},{"_id":"node_modules/hexo-theme-next/source/css/_common/components/third-party/index.styl","hash":"54d12e2c5d9982f7b9e5b23be5133954a8514e9d","modified":1748961815515},{"_id":"node_modules/hexo-theme-next/source/css/_common/components/third-party/disqusjs.styl","hash":"877a537d5b95beb048142e4fdee6f17e6ef9c7bb","modified":1748961815514},{"_id":"node_modules/hexo-theme-next/source/css/_common/components/third-party/utterances.styl","hash":"56d90ae0559caa55b75f3c300ff2711f9ed65fc4","modified":1748961815517},{"_id":"node_modules/hexo-theme-next/source/css/_common/components/third-party/search.styl","hash":"09afd355e9d55cb97bbfe55178aa3480adce8f31","modified":1748961815517},{"_id":"node_modules/hexo-theme-next/source/css/_common/components/third-party/math.styl","hash":"9d995eb4871a6c273d9d51558676a1fdabf69e72","modified":1748961815516},{"_id":"node_modules/hexo-theme-next/source/css/_common/outline/header/bookmark.styl","hash":"e74f4bb47a101b014ee2a1783c87f3b87323f9a0","modified":1748961815514},{"_id":"node_modules/hexo-theme-next/source/css/_common/components/post/index.styl","hash":"098d4bd034e986fcf7e443eac4fc2193935461b7","modified":1748961815515},{"_id":"node_modules/hexo-theme-next/source/css/_common/outline/header/menu.styl","hash":"a3dd3edea9c01b66b28a8367185269b9dcc3bdee","modified":1748961815516},{"_id":"node_modules/hexo-theme-next/source/css/_common/outline/header/index.styl","hash":"6e0d0796ef7fbbb62ffdfb448753a850de82c74f","modified":1748961815515},{"_id":"node_modules/hexo-theme-next/source/css/_common/outline/header/github-banner.styl","hash":"38c64c2d04e46848382bfa246a0e9c508294767b","modified":1748961815514},{"_id":"node_modules/hexo-theme-next/source/css/_common/outline/header/site-meta.styl","hash":"a851e9d5aefcd027c95eeb323860b6da70f202d1","modified":1748961815517},{"_id":"node_modules/hexo-theme-next/source/css/_common/outline/header/site-nav.styl","hash":"bf3ad8b4268f763a1e26377681644887694bc009","modified":1748961815517},{"_id":"node_modules/hexo-theme-next/source/css/_common/outline/sidebar/related-posts.styl","hash":"b05908f04ef95f2d91e6eba89b12411c378d050f","modified":1748961815517},{"_id":"node_modules/hexo-theme-next/source/css/_common/outline/sidebar/index.styl","hash":"21acb11e397526132605eef23bde7b307aa1eab5","modified":1748961815515},{"_id":"node_modules/hexo-theme-next/source/css/_common/outline/footer/index.styl","hash":"4e967702cf4c637132346bc74ec8854426f1a68c","modified":1748961815515},{"_id":"node_modules/hexo-theme-next/source/css/_common/outline/sidebar/sidebar-author-links.styl","hash":"0847400d8579b0a2dd1bf662c78954c10adf2680","modified":1748961815517},{"_id":"node_modules/hexo-theme-next/source/css/_common/outline/sidebar/sidebar-author.styl","hash":"5b38ac4a0f1ade0e681aff0e3366c481d9cf3dcd","modified":1748961815517},{"_id":"node_modules/hexo-theme-next/source/css/_common/outline/sidebar/sidebar-button.styl","hash":"46eece42510c2c89bb9209afb0262ad76a4b0b36","modified":1748961815517},{"_id":"node_modules/hexo-theme-next/source/css/_common/outline/sidebar/sidebar-blogroll.styl","hash":"ce36bf1602233298e0351b4babc592315529eb26","modified":1748961815517},{"_id":"node_modules/hexo-theme-next/source/css/_common/outline/sidebar/sidebar-nav.styl","hash":"24752d145c6fb8f5344dca9c7b9640839c02e009","modified":1748961815517},{"_id":"node_modules/hexo-theme-next/source/css/_common/outline/sidebar/sidebar-toc.styl","hash":"c2e354a565c8c1b32bd0ceacc972b17982758b67","modified":1748961815517},{"_id":"node_modules/hexo-theme-next/source/css/_common/outline/sidebar/sidebar-toggle.styl","hash":"741566d6ac5f852b5c8dee6a8996b65e48e7c97f","modified":1748961815517},{"_id":"node_modules/hexo-theme-next/source/css/_common/outline/sidebar/site-state.styl","hash":"26dd0adfcb1db6df29c6090c8d7e9b5a43583fb0","modified":1748961815517},{"_id":"node_modules/hexo-theme-next/source/css/_common/scaffolding/highlight/index.styl","hash":"9b0217e1caecd91e05572c7e8e52d32016ca312f","modified":1748961815515},{"_id":"node_modules/hexo-theme-next/source/css/_common/scaffolding/highlight/copy-code.styl","hash":"f634f94828620e88c3f5a8db56f7944f6ba232b0","modified":1748961815514},{"_id":"node_modules/hexo-theme-next/source/css/_common/scaffolding/highlight/fold.styl","hash":"42a0b65491ad85438596b3fe0b7f23973e4cef34","modified":1748961815514},{"_id":"node_modules/hexo-theme-next/source/css/_common/scaffolding/tags/blockquote-center.styl","hash":"d6418fd2bbfba7b73ddf11ec62db9637fdf5d8af","modified":1748961815513},{"_id":"node_modules/hexo-theme-next/source/css/_common/scaffolding/tags/group-pictures.styl","hash":"393ff96234e4196b569d4b11496774eb78e147de","modified":1748961815514},{"_id":"node_modules/hexo-theme-next/source/css/_common/scaffolding/tags/label.styl","hash":"debee14539272fbe3835a7d3853af2230baa3501","modified":1748961815516},{"_id":"node_modules/hexo-theme-next/source/css/_common/scaffolding/tags/index.styl","hash":"22cd37bd5df9972d5074710896aba4424ad5161c","modified":1748961815515},{"_id":"node_modules/hexo-theme-next/source/css/_common/scaffolding/tags/pdf.styl","hash":"b6654a1d7cf82577d8263faffee8af3ad4a5c0e8","modified":1748961815516},{"_id":"node_modules/hexo-theme-next/source/css/_common/scaffolding/tags/tabs.styl","hash":"c3be8b0738f693e750486bb71769c3dbbec174cc","modified":1748961815517},{"_id":"node_modules/hexo-theme-next/source/css/_common/outline/sidebar/sidebar-copyright.styl","hash":"56805b77fe236fac19e19c716a49363bcf986311","modified":1748961815517},{"_id":"node_modules/hexo-theme-next/source/css/_common/scaffolding/tags/link-grid.styl","hash":"49329a7144f3413d1c832e52a1f4954171ef11e1","modified":1748961815516},{"_id":"node_modules/hexo-theme-next/source/css/_common/scaffolding/tags/mermaid.styl","hash":"48d35dba575a7c9e8845b16652e76b7d4a4646de","modified":1748961815516},{"_id":"node_modules/hexo-theme-next/source/css/_common/scaffolding/tags/wavedrom.styl","hash":"af113411ad9cca7674177be36af8dd399680834d","modified":1748961815518},{"_id":"node_modules/hexo-theme-next/source/css/_common/scaffolding/tags/note.styl","hash":"8213015d9cae45d2c9945f8aba9d8db39c734efc","modified":1748961815516}],"Category":[],"Data":[],"Page":[],"Post":[{"title":"Hello World","_content":"Welcome to [Hexo](https://hexo.io/)! This is your very first post. Check [documentation](https://hexo.io/docs/) for more info. If you get any problems when using Hexo, you can find the answer in [troubleshooting](https://hexo.io/docs/troubleshooting.html) or you can ask me on [GitHub](https://github.com/hexojs/hexo/issues).\n\n## Quick Start\n\n### Create a new post\n\n``` bash\n$ hexo new \"My New Post\"\n```\n\nMore info: [Writing](https://hexo.io/docs/writing.html)\n\n### Run server\n\n``` bash\n$ hexo server\n```\n\nMore info: [Server](https://hexo.io/docs/server.html)\n\n### Generate static files\n\n``` bash\n$ hexo generate\n```\n\nMore info: [Generating](https://hexo.io/docs/generating.html)\n\n### Deploy to remote sites\n\n``` bash\n$ hexo deploy\n```\n\nMore info: [Deployment](https://hexo.io/docs/one-command-deployment.html)\n","source":"_posts/hello-world.md","raw":"---\ntitle: Hello World\n---\nWelcome to [Hexo](https://hexo.io/)! This is your very first post. Check [documentation](https://hexo.io/docs/) for more info. If you get any problems when using Hexo, you can find the answer in [troubleshooting](https://hexo.io/docs/troubleshooting.html) or you can ask me on [GitHub](https://github.com/hexojs/hexo/issues).\n\n## Quick Start\n\n### Create a new post\n\n``` bash\n$ hexo new \"My New Post\"\n```\n\nMore info: [Writing](https://hexo.io/docs/writing.html)\n\n### Run server\n\n``` bash\n$ hexo server\n```\n\nMore info: [Server](https://hexo.io/docs/server.html)\n\n### Generate static files\n\n``` bash\n$ hexo generate\n```\n\nMore info: [Generating](https://hexo.io/docs/generating.html)\n\n### Deploy to remote sites\n\n``` bash\n$ hexo deploy\n```\n\nMore info: [Deployment](https://hexo.io/docs/one-command-deployment.html)\n","slug":"hello-world","published":1,"date":"2025-06-03T14:24:17.440Z","updated":"2025-06-03T14:24:17.440Z","_id":"cmbgm9myn00009aitbwy6auc1","comments":1,"layout":"post","photos":[],"link":"","content":"<p>Welcome to <a href=\"https://hexo.io/\">Hexo</a>! This is your very first post. Check <a href=\"https://hexo.io/docs/\">documentation</a> for more info. If you get any problems when using Hexo, you can find the answer in <a href=\"https://hexo.io/docs/troubleshooting.html\">troubleshooting</a> or you can ask me on <a href=\"https://github.com/hexojs/hexo/issues\">GitHub</a>.</p>\n<h2 id=\"Quick-Start\"><a href=\"#Quick-Start\" class=\"headerlink\" title=\"Quick Start\"></a>Quick Start</h2><h3 id=\"Create-a-new-post\"><a href=\"#Create-a-new-post\" class=\"headerlink\" title=\"Create a new post\"></a>Create a new post</h3><figure class=\"highlight bash\"><table><tr><td class=\"gutter\"><pre><span class=\"line\">1</span><br></pre></td><td class=\"code\"><pre><span class=\"line\">$ hexo new <span class=\"string\">&quot;My New Post&quot;</span></span><br></pre></td></tr></table></figure>\n\n<p>More info: <a href=\"https://hexo.io/docs/writing.html\">Writing</a></p>\n<h3 id=\"Run-server\"><a href=\"#Run-server\" class=\"headerlink\" title=\"Run server\"></a>Run server</h3><figure class=\"highlight bash\"><table><tr><td class=\"gutter\"><pre><span class=\"line\">1</span><br></pre></td><td class=\"code\"><pre><span class=\"line\">$ hexo server</span><br></pre></td></tr></table></figure>\n\n<p>More info: <a href=\"https://hexo.io/docs/server.html\">Server</a></p>\n<h3 id=\"Generate-static-files\"><a href=\"#Generate-static-files\" class=\"headerlink\" title=\"Generate static files\"></a>Generate static files</h3><figure class=\"highlight bash\"><table><tr><td class=\"gutter\"><pre><span class=\"line\">1</span><br></pre></td><td class=\"code\"><pre><span class=\"line\">$ hexo generate</span><br></pre></td></tr></table></figure>\n\n<p>More info: <a href=\"https://hexo.io/docs/generating.html\">Generating</a></p>\n<h3 id=\"Deploy-to-remote-sites\"><a href=\"#Deploy-to-remote-sites\" class=\"headerlink\" title=\"Deploy to remote sites\"></a>Deploy to remote sites</h3><figure class=\"highlight bash\"><table><tr><td class=\"gutter\"><pre><span class=\"line\">1</span><br></pre></td><td class=\"code\"><pre><span class=\"line\">$ hexo deploy</span><br></pre></td></tr></table></figure>\n\n<p>More info: <a href=\"https://hexo.io/docs/one-command-deployment.html\">Deployment</a></p>\n","site":{"data":{}},"excerpt":"","more":"<p>Welcome to <a href=\"https://hexo.io/\">Hexo</a>! This is your very first post. Check <a href=\"https://hexo.io/docs/\">documentation</a> for more info. If you get any problems when using Hexo, you can find the answer in <a href=\"https://hexo.io/docs/troubleshooting.html\">troubleshooting</a> or you can ask me on <a href=\"https://github.com/hexojs/hexo/issues\">GitHub</a>.</p>\n<h2 id=\"Quick-Start\"><a href=\"#Quick-Start\" class=\"headerlink\" title=\"Quick Start\"></a>Quick Start</h2><h3 id=\"Create-a-new-post\"><a href=\"#Create-a-new-post\" class=\"headerlink\" title=\"Create a new post\"></a>Create a new post</h3><figure class=\"highlight bash\"><table><tr><td class=\"gutter\"><pre><span class=\"line\">1</span><br></pre></td><td class=\"code\"><pre><span class=\"line\">$ hexo new <span class=\"string\">&quot;My New Post&quot;</span></span><br></pre></td></tr></table></figure>\n\n<p>More info: <a href=\"https://hexo.io/docs/writing.html\">Writing</a></p>\n<h3 id=\"Run-server\"><a href=\"#Run-server\" class=\"headerlink\" title=\"Run server\"></a>Run server</h3><figure class=\"highlight bash\"><table><tr><td class=\"gutter\"><pre><span class=\"line\">1</span><br></pre></td><td class=\"code\"><pre><span class=\"line\">$ hexo server</span><br></pre></td></tr></table></figure>\n\n<p>More info: <a href=\"https://hexo.io/docs/server.html\">Server</a></p>\n<h3 id=\"Generate-static-files\"><a href=\"#Generate-static-files\" class=\"headerlink\" title=\"Generate static files\"></a>Generate static files</h3><figure class=\"highlight bash\"><table><tr><td class=\"gutter\"><pre><span class=\"line\">1</span><br></pre></td><td class=\"code\"><pre><span class=\"line\">$ hexo generate</span><br></pre></td></tr></table></figure>\n\n<p>More info: <a href=\"https://hexo.io/docs/generating.html\">Generating</a></p>\n<h3 id=\"Deploy-to-remote-sites\"><a href=\"#Deploy-to-remote-sites\" class=\"headerlink\" title=\"Deploy to remote sites\"></a>Deploy to remote sites</h3><figure class=\"highlight bash\"><table><tr><td class=\"gutter\"><pre><span class=\"line\">1</span><br></pre></td><td class=\"code\"><pre><span class=\"line\">$ hexo deploy</span><br></pre></td></tr></table></figure>\n\n<p>More info: <a href=\"https://hexo.io/docs/one-command-deployment.html\">Deployment</a></p>\n"}],"PostAsset":[],"PostCategory":[],"PostTag":[],"Tag":[]}}